"Новая статья: Китайские процессоры, видеокарты, память и накопители в 2019 году",https://3dnews.ru/1000391
Panasonic анонсировала первые в мире VR-очки с поддержкой HDR и UHD,https://3dnews.ru/1000995
Corsair K95 RGB Platinum XT: клавиатура с индивидуальной RGB-подсветкой кнопок,https://3dnews.ru/1000987
Ноутбук Lenovo Yoga Slim 7 получил версии с чипами AMD и Intel,https://3dnews.ru/1000981
Lenovo встроила ридер с экраном E Ink в ноутбук ThinkBook Plus,https://3dnews.ru/1000967
Электрический концепт-кар Sony Vision-S изобилует сенсорами,https://3dnews.ru/1000970
Планшет Lenovo Smart Tab M10 может превращаться в «умный» дисплей,https://3dnews.ru/1000963
Трио смартфонов TCL с четверной камерой,https://3dnews.ru/1000991
Razer Tomahawk — компактный настольный ПК модульного типа,https://3dnews.ru/1000993
Сворачиваемый телевизор LG Signature OLED TV R обойдётся в $60 000,https://3dnews.ru/1000994
"Новая статья: Китайские процессоры, видеокарты, память и накопители в 2019 году",https://3dnews.ru/1000391
Panasonic анонсировала первые в мире VR-очки с поддержкой HDR и UHD,https://3dnews.ru/1000995
Corsair K95 RGB Platinum XT: клавиатура с индивидуальной RGB-подсветкой кнопок,https://3dnews.ru/1000987
Ноутбук Lenovo Yoga Slim 7 получил версии с чипами AMD и Intel,https://3dnews.ru/1000981
Lenovo встроила ридер с экраном E Ink в ноутбук ThinkBook Plus,https://3dnews.ru/1000967
Электрический концепт-кар Sony Vision-S изобилует сенсорами,https://3dnews.ru/1000970
Планшет Lenovo Smart Tab M10 может превращаться в «умный» дисплей,https://3dnews.ru/1000963
Трио смартфонов TCL с четверной камерой,https://3dnews.ru/1000991
Razer Tomahawk — компактный настольный ПК модульного типа,https://3dnews.ru/1000993
Сворачиваемый телевизор LG Signature OLED TV R обойдётся в $60 000,https://3dnews.ru/1000994
"Новая статья: Китайские процессоры, видеокарты, память и накопители в 2019 году",https://3dnews.ru/1000391
Panasonic анонсировала первые в мире VR-очки с поддержкой HDR и UHD,https://3dnews.ru/1000995
Corsair K95 RGB Platinum XT: клавиатура с индивидуальной RGB-подсветкой кнопок,https://3dnews.ru/1000987
Ноутбук Lenovo Yoga Slim 7 получил версии с чипами AMD и Intel,https://3dnews.ru/1000981
Lenovo встроила ридер с экраном E Ink в ноутбук ThinkBook Plus,https://3dnews.ru/1000967
Электрический концепт-кар Sony Vision-S изобилует сенсорами,https://3dnews.ru/1000970
Планшет Lenovo Smart Tab M10 может превращаться в «умный» дисплей,https://3dnews.ru/1000963
Трио смартфонов TCL с четверной камерой,https://3dnews.ru/1000991
Razer Tomahawk — компактный настольный ПК модульного типа,https://3dnews.ru/1000993
Сворачиваемый телевизор LG Signature OLED TV R обойдётся в $60 000,https://3dnews.ru/1000994
"Новая статья: Китайские процессоры, видеокарты, память и накопители в 2019 году",https://3dnews.ru/1000391
Panasonic анонсировала первые в мире VR-очки с поддержкой HDR и UHD,https://3dnews.ru/1000995
Corsair K95 RGB Platinum XT: клавиатура с индивидуальной RGB-подсветкой кнопок,https://3dnews.ru/1000987
Ноутбук Lenovo Yoga Slim 7 получил версии с чипами AMD и Intel,https://3dnews.ru/1000981
Lenovo встроила ридер с экраном E Ink в ноутбук ThinkBook Plus,https://3dnews.ru/1000967
Электрический концепт-кар Sony Vision-S изобилует сенсорами,https://3dnews.ru/1000970
Планшет Lenovo Smart Tab M10 может превращаться в «умный» дисплей,https://3dnews.ru/1000963
Трио смартфонов TCL с четверной камерой,https://3dnews.ru/1000991
Razer Tomahawk — компактный настольный ПК модульного типа,https://3dnews.ru/1000993
Сворачиваемый телевизор LG Signature OLED TV R обойдётся в $60 000,https://3dnews.ru/1000994
"Новая статья: Китайские процессоры, видеокарты, память и накопители в 2019 году",https://3dnews.ru/1000391
Panasonic анонсировала первые в мире VR-очки с поддержкой HDR и UHD,https://3dnews.ru/1000995
Corsair K95 RGB Platinum XT: клавиатура с индивидуальной RGB-подсветкой кнопок,https://3dnews.ru/1000987
Ноутбук Lenovo Yoga Slim 7 получил версии с чипами AMD и Intel,https://3dnews.ru/1000981
Lenovo встроила ридер с экраном E Ink в ноутбук ThinkBook Plus,https://3dnews.ru/1000967
Электрический концепт-кар Sony Vision-S изобилует сенсорами,https://3dnews.ru/1000970
Планшет Lenovo Smart Tab M10 может превращаться в «умный» дисплей,https://3dnews.ru/1000963
Трио смартфонов TCL с четверной камерой,https://3dnews.ru/1000991
Razer Tomahawk — компактный настольный ПК модульного типа,https://3dnews.ru/1000993
Сворачиваемый телевизор LG Signature OLED TV R обойдётся в $60 000,https://3dnews.ru/1000994
